{
     "data": {
        "data_sign": "PaviaU",
        "data_file": "PaviaU_10_1",
        "patch_size": 24,
        "batch_size": 200,
        "num_classes": 9,
        "pca": 20,
        "dim_heads": 64,
        "spectral_size": 20
    },
    "net": {
        "trainer": "scmtformer",
        "use_mask": true,
        "depth": 2,
        "dim": 64,
        "mlp_dim": 256,
        "heads": 48,
        "kernal": 17,
        "padding": 1,
        "n_head": 64,
        "ctx_len": 369,
        "n_attn": 64,
        "head_size": 320,
        "n_embd": 128,
        "n_embd1": 512,
        "n_ffn": 64,
        "tiny_attn": 512,
        "tiny_head": 64
    },
    "train": {
        "epochs": 100,
        "lr": 0.0005,
        "weight_decay": 0
    },
    "uniq_name": "PU_test"
}
